<?xml version="1.0" encoding="UTF-8"?>

<mule 
   xmlns:http="http://www.mulesoft.org/schema/mule/http"
   xmlns="http://www.mulesoft.org/schema/mule/core" 
   xmlns:doc="http://www.mulesoft.org/schema/mule/documentation"
   xmlns:spring="http://www.springframework.org/schema/beans" 
   xmlns:xsi="http://www.w3.org/2001/XMLSchema-instance"
   xsi:schemaLocation="
      http://www.mulesoft.org/schema/mule/http http://www.mulesoft.org/schema/mule/http/current/mule-http.xsd
      http://www.springframework.org/schema/beans http://www.springframework.org/schema/beans/spring-beans-current.xsd
      http://www.mulesoft.org/schema/mule/core http://www.mulesoft.org/schema/mule/core/current/mule.xsd">


   <spring:beans>
      <!-- CSS libraries -->
      <spring:bean id="mu_css" name="mu_css" class="org.apache.commons.io.IOUtils" scope="singleton" factory-method="toString">
         <spring:constructor-arg type="java.io.InputStream" value="classpath:css/mu.css" />
      </spring:bean>
      <spring:bean id="bootstrap_css" name="bootstrap_css" class="org.apache.commons.io.IOUtils" scope="singleton" factory-method="toString">
         <spring:constructor-arg type="java.io.InputStream" value="classpath:css/bootstrap.min.css" />
      </spring:bean>
      <spring:bean id="bootstraptheme_css" name="bootstraptheme_css" class="org.apache.commons.io.IOUtils" scope="singleton" factory-method="toString">
         <spring:constructor-arg type="java.io.InputStream" value="classpath:css/bootstrap-theme.min.css" />
      </spring:bean>
   </spring:beans>
   
   <sub-flow name="set-html-flow">
      <set-property propertyName="Content-Type" value="text/html" mimeType="text/html" doc:name="Set Content-Type HTML" />
   </sub-flow>   

</mule>
