<?xml version="1.0" encoding="UTF-8"?>

<mule 
   xmlns:vm="http://www.mulesoft.org/schema/mule/vm" 
   xmlns:http="http://www.mulesoft.org/schema/mule/http" 
   xmlns:tracking="http://www.mulesoft.org/schema/mule/ee/tracking" 
   xmlns="http://www.mulesoft.org/schema/mule/core" 
   xmlns:doc="http://www.mulesoft.org/schema/mule/documentation"
   xmlns:spring="http://www.springframework.org/schema/beans" 
   xmlns:xsi="http://www.w3.org/2001/XMLSchema-instance"
   xsi:schemaLocation="http://www.springframework.org/schema/beans http://www.springframework.org/schema/beans/spring-beans-current.xsd
http://www.mulesoft.org/schema/mule/core http://www.mulesoft.org/schema/mule/core/current/mule.xsd
http://www.mulesoft.org/schema/mule/http http://www.mulesoft.org/schema/mule/http/current/mule-http.xsd
http://www.mulesoft.org/schema/mule/ee/tracking http://www.mulesoft.org/schema/mule/ee/tracking/current/mule-tracking-ee.xsd
http://www.mulesoft.org/schema/mule/vm http://www.mulesoft.org/schema/mule/vm/current/mule-vm.xsd">

   <http:listener-config name="HTTP_Listener_Configuration" host="0.0.0.0" port="8081" doc:name="HTTP Listener Configuration" />

   <flow name="WelcomeApiFlow">
      <http:listener config-ref="HTTP_Listener_Configuration" path="/api/welcome" doc:name="HTTP Listener" allowedMethods="GET" />
      <set-payload value="Welcome to Runtime Fabric!" doc:name="Set payload to Welcome" />
      <logger message="#[message.payload]" level="INFO" doc:name="Payload Logger" />
   </flow>

   <flow name="WelcomeFlow">
      <http:listener config-ref="HTTP_Listener_Configuration" path="/welcome" doc:name="HTTP Listener" allowedMethods="GET" />
      <not-filter doc:name="favicon filter">
         <wildcard-filter pattern="/favicon.ico" caseSensitive="true" />
      </not-filter>
      <parse-template location="welcome.html" doc:name="welcome.html" />
   </flow>

   <flow name="VersionApiFlow">
      <http:listener config-ref="HTTP_Listener_Configuration" path="/api/version" doc:name="HTTP Listener" />
      <set-variable variableName="version" value="#['1.0']" doc:name="set variable Version to &quot;1.0&quot;" />
      <set-payload value="This is version #[flowVars.version]" doc:name="Set Payload" />
      <logger message="#[message.payload]" level="INFO" doc:name="Payload Logger" />
   </flow>

   <flow name="VersionFlow">
      <http:listener config-ref="HTTP_Listener_Configuration" path="/version" doc:name="HTTP Listener" />
      <not-filter doc:name="favicon filter">
         <wildcard-filter pattern="/favicon.ico" caseSensitive="true" />
      </not-filter>
      <set-variable variableName="version" value="#['1.0']" doc:name="set variable Version to &quot;1.0&quot;" />
      <parse-template location="version.html" doc:name="version.html" />
   </flow>


</mule>
